AnalysisName,OriginalName,Age,Uncertainty,Reference,Mineral,Method,RockType,Lithology,Unit,Group,Easting,Northing,Datum,DataComment,locationEstimated,uncertaintyEstimated,year,lat,long,easting_quartile,northing_quartile,square
EL16-525,EL16-525,96.1,0.8,"Ardill et al., 2018",Zircon,spot analyses,Plutonic,granodiorite,Ellery Lake granodiorite,"unassigned, Tioga Pass",304057.0,4200841.0,NAD27 11S,,False,False,2018,37.93403928085239,-119.2296304835468,3,3,16
HH16-522,HH16-522,96.4,1.1,"Ardill et al., 2018",Zircon,spot analyses,Plutonic,porphyritic granodiorite,porphyritic granodiorite of Lake Vernon,Jack Main Canyon intrusive suite,258103.0,4209586.0,NAD27 11S,,False,False,2018,38.00170195446944,-119.75497939001852,0,3,4
TIOGA,TIOGA,101.0,1.5,"Ardill et al., 2018",Zircon,spot analyses,Plutonic,monzodiorite,Tioga Lake monzodiorite,Tioga Pass hypabyssal complex,301629.0,4200112.0,NAD27 11S,,False,False,2018,37.926947290523366,-119.25703819521733,2,3,12
GP-2,GP-2,102.2,1.0,"Ardill et al., 2018",Zircon,spot analyses,Plutonic,granodiorite,Illouette Creek granodiorite,Buena Vista Crest intrusive suite,269559.0,4172071.0,NAD27 11S,,False,False,2018,37.66691094447745,-119.61268713041913,1,1,6
IMP39-A,IMP39-A,104.2,1.2,"Ardill et al., 2018",Zircon,spot analyses,Plutonic,Grizzly Peak porphyritic tonalite,granodiorite of Grizzly Creek,"unassigned, Iron Mountain area",278808.0,4149668.0,NAD27 11S,,False,False,2018,37.46744918719625,-119.50115908028401,1,1,6
HH16-518,HH16-518,109.9,1.1,"Ardill et al., 2018",Zircon,spot analyses,Plutonic,granodiorite,Rancheria Mountain granodiorite,Yosemite Valley intrusive suite,256884.0,4205156.0,NAD27 11S,,False,False,2018,37.961495445088865,-119.76734853700302,0,3,4
IMP19,IMP19,120.1,2.2,"Ardill et al., 2018",Zircon,spot analyses,Plutonic,star lks granodiorite,Star Lakes granodiorite,"unassigned, Iron Mountain area",278718.0,4153311.0,NAD27 11S,,False,False,2018,37.500233120286566,-119.50327085083761,1,1,6
IMP-45,IMP-45,123.0,1.4,"Ardill et al., 2018",Zircon,spot analyses,Plutonic,SHUTEYE PEAK QTZ MONZO,Shuteye Peak quartz monzonite,Shaver Intrusive Suite,282298.0,4156503.0,NAD27 11S,,False,False,2018,37.529829077179784,-119.46375172087386,1,1,6
3-3,3-3,99.1,1.4,"Ardill et al., 2020",Zircon,spot analyses,Plutonic,granite,granite,"unassigned, Tioga Pass",300782.0,4198201.0,NAD27 11S,,False,False,2020,37.909551718222794,-119.26613994028808,2,3,12
TP-17,TP-17,99.5,1.6,"Ardill et al., 2020",Zircon,spot analyses,Hypabyssal,dacite porphyry,Tioga Pass dacite porphyry,Tioga Pass hypabyssal complex,301019.0,4199708.0,NAD27 11S,,False,False,2020,37.92317559057992,-119.26386210492198,2,3,12
KA-17,KA-17,100.0,1.3,"Ardill et al., 2020",Zircon,spot analyses,Hypabyssal,dacite porphyry,Tioga Pass dacite porphyry,Tioga Pass hypabyssal complex,301394.0,4198685.0,NAD27 11S,,False,False,2020,37.91404443205219,-119.25931668980454,2,3,12
BT-13,BT-13,100.3,0.9,"Ardill, 2020",Zircon,spot analyses,Hypabyssal,Beartrap porphyry,Beartrap porphyry,"unassigned, Beartrap Lake",278590.0,4229291.0,NAD27 11S,,False,False,2020,38.184358922128276,-119.52797775694575,1,3,8
IMP-48,IMP-48,118.6,1.2,"Ardill, 2020",Zircon,spot analyses,Plutonic,diorite,Iron Mountain diorite,"unassigned, Iron Mountain area",283558.0,4154561.0,NAD27 11S,,False,False,2020,37.51263718189681,-119.44893215751875,1,1,6
DL2,DL2,92.5,3.0,"Ardill, 2020; Memeti unpublished",Zircon,spot analyses,Plutonic,porphyry,Ireland Lake porphyry,"unassigned, Ritter Range pendant",296620.0,4184821.0,NAD27 11S,age younger than independent constraints from field relationships,False,False,2020,37.788133535814424,-119.30968456242978,2,2,11
JM-228 ,JM-228 ,94.9,0.6,"Ardill, 2020; Scheland unpublished",Zircon,spot analyses,Plutonic,two mica granite of Boundary Lake,Jack Main Canyon intrusive suite,Jack Main Canyon intrusive suite,254764.0,4215983.0,NAD27 11S,,False,False,2020,38.05839177405154,-119.79515510408284,0,3,4
JM-141 ,JM-141 ,95.1,0.9,"Ardill, 2020; Scheland unpublished",Zircon,spot analyses,Plutonic,transitional granodiorite of Boundary Lake,Jack Main Canyon intrusive suite,Jack Main Canyon intrusive suite,254110.0,4210850.0,NAD27 11S,,False,False,2020,38.01200684499578,-119.80083945702424,0,3,4
JM-282 ,JM-282 ,95.9,0.7,"Ardill, 2020; Scheland unpublished",Zircon,spot analyses,Plutonic,porphyritic granodiorite of Lake Vernon,Jack Main Canyon intrusive suite,Jack Main Canyon intrusive suite,260391.0,4215322.0,NAD27 11S,,False,False,2020,38.05394825188966,-119.73086623244382,0,3,4
JM-96 ,JM-96 ,96.8,0.5,"Ardill, 2020; Scheland unpublished",Zircon,spot analyses,Plutonic,coarse grained quartz diorite of Mount Gibson,Jack Main Canyon intrusive suite,Jack Main Canyon intrusive suite,263898.0,4213585.0,NAD27 11S,,False,False,2020,38.03923177075411,-119.69036450611759,0,3,4
JM-273 ,JM-273 ,97.0,0.7,"Ardill, 2020; Scheland unpublished",Zircon,spot analyses,Plutonic,porphyritic granodiorite of Lake Vernon,Jack Main Canyon intrusive suite,Jack Main Canyon intrusive suite,248495.0,4216401.0,NAD27 11S,,False,False,2020,38.060434225191045,-119.86667351992705,0,3,4
JM-361 ,JM-361 ,97.8,0.5,"Ardill, 2020; Scheland unpublished",Zircon,spot analyses,Plutonic,fine grained quartz diorite of Mount Gibson,Jack Main Canyon intrusive suite,Jack Main Canyon intrusive suite,267128.0,4211489.0,NAD27 11S,,False,False,2020,38.02119739785213,-119.6529143939573,0,3,4
JM-291 ,JM-291 ,98.3,0.6,"Ardill, 2020; Scheland unpublished",Zircon,spot analyses,Plutonic,equigranular granodiorite of Bearup Lake,Jack Main Canyon intrusive suite,Jack Main Canyon intrusive suite,261911.0,4214688.0,NAD27 11S,,False,False,2020,38.04864160382105,-119.71334962836971,0,3,4
JM-354 ,JM-354 ,102.6,0.4,"Ardill, 2020; Scheland unpublished",Zircon,spot analyses,Plutonic,granodiorite,Double Rock granodiorite,Yosemite Valley intrusive suite,264064.0,4207072.0,NAD27 11S,,False,False,2020,37.98063883623326,-119.68633272057671,0,3,4
VT15-17-b,VT15-17-b,101.27,0.49,"Attia et al., 2020",Zircon,spot analyses,Hypabyssal,hypabyssal dacite,Shadow Creek hypabyssal intrusions,Ritter Range pendant hypabbysal intrusions,310899.0,4173760.0,NAD27 11S,,False,False,2020,37.69157435946559,-119.14475592432844,3,2,15
VT17-2,VT17-2,101.3,0.9,"Attia et al., 2020",Zircon,spot analyses,Hypabyssal,hypabyssal rhyolite,Shadow Creek hypabyssal intrusions,Ritter Range pendant hypabbysal intrusions,310612.0,4173478.0,NAD27 11S,,False,False,2020,37.6889751423665,-119.14793564356665,3,1,14
VT17-4-b,VT17-4-b,124.2,6.9,"Attia et al., 2020",Zircon,spot analyses,Hypabyssal,hypabyssal andesite,Shadow Creek hypabyssal intrusions,Ritter Range pendant hypabbysal intrusions,311412.0,4173713.0,NAD27 11S,,False,False,2020,37.69125668504936,-119.13892911369138,3,1,14
HLA-51,HLA-51,94.7,1.7,"Attia et al., 2022",Zircon,spot analyses,Hypabyssal,hypabyssal andesite,Minarets caldera hypabyssal intrusions,Minarets caldera,308919.0,4165862.0,NAD27 11S,,False,False,2022,37.620026815618616,-119.1651305451326,3,1,14
HC18-AW-17,HC18-AW-17,95.1,0.6,"Attia et al., 2022",Zircon,spot analyses,Plutonic,granodiorite,Mount Givens marginal phase,Mount Givens Pluton,305900.0,4164272.0,NAD27 11S,,False,False,2022,37.60507345049178,-119.19889387103471,3,1,14
J17-568A,J17-568A,96.0,1.8,"Attia et al., 2022",Zircon,spot analyses,Plutonic,granodiorite,Aeolian Buttes granodiorite,"unassigned, June Lake area",312750.0,4188884.0,NAD27 11S,,False,False,2022,37.82817686339593,-119.12767546949128,3,2,15
J17-567,June17567,96.4,0.6,"Attia et al., 2022",Zircon,spot analyses,Plutonic,granite,June Lake granite,"unassigned, June Lake area",317971.0,4184010.0,NAD27 11S,,False,False,2022,37.78533179623034,-119.06716189315776,3,2,15
BL18-1,BL18-1,97.7,0.6,"Attia et al., 2022",Zircon,spot analyses,Plutonic,granodiorite at Bernice Lake,Red Devil Lake granodiorite,Washburn Lake intrusive suite,294425.0,4182310.0,NAD27 11S,,False,False,2022,37.765028933851355,-119.33388175891048,2,2,11
MuUN-JP01,JP01,86.64,0.79,"Bracciali et al., 2008*; Roland Mundil unpublished",Zircon,TIMS single grain,Plutonic,granite porphyry,Johnson Peak phase,Tuolumne Intrusive Suite,291557.0,4190787.0,NAD27 11S,*Bracciali et al. 2008 abstract reports this age as 87.7 +/- 1.1 Ma,False,False,2008,37.84071928742305,-119.36885499044529,2,3,12
BuMi08-BTL045,BTL045,87.0,0.7,Burgess and Miller 2008,Zircon,TIMS single grain,Plutonic,granodiorite,Cathedral Peak phase,Tuolumne Intrusive Suite,290035.0,4190524.0,NAD27 11S,,False,False,2008,37.83800178715587,-119.38606171404402,2,2,11
BuMi08-BTL056,BTL056,87.3,0.7,Burgess and Miller 2008,Zircon,TIMS single grain,Plutonic,granodiorite,Cathedral Peak phase,Tuolumne Intrusive Suite,286321.0,4189433.0,NAD27 11S,,False,False,2008,37.82731483744355,-119.4279112496808,2,2,11
EC382,382,96.7,1.4,"Cao, 2016",Zircon,spot analyses,Plutonic,granodiorite,Long Canyon pluton,"unassigned, Beartrap Lake",276935.0,4231019.0,NAD27 11S,,False,False,2016,38.19950905386064,-119.54739899138936,1,3,8
EC576,EC576,97.2,1.8,"Cao, 2016",Zircon,spot analyses,Plutonic,granodiorite,Bridgeport pluton,"unassigned, Twin Lakes area",293829.0,4231942.0,NAD27 11S,,False,False,2016,38.211847446988045,-119.3548942650804,2,3,12
EC 72,EC 72,98.7,2.5,"Cao, 2016",Zircon,spot analyses,Plutonic,leucogranite,leucogranitic dike,"unassigned, Twin Lakes area",293497.0,4233168.0,NAD27 11S,,False,False,2016,38.222811354295764,-119.35904003057738,2,3,12
EC286,EC286,100.3,1.2,"Cao, 2016",Zircon,spot analyses,Plutonic,porphyritic pluton,Beartrap porphyry,"unassigned, Beartrap Lake",278873.0,4230319.0,NAD27 11S,,False,False,2016,38.19368436825604,-119.52506919566461,1,3,8
Cec12-G22,G22,90.2,1.7,"Cecil et al., 2012",Zircon,spot analyses,Plutonic,granodiorite,Freel Peak,northern Sierra plutons,248431.0,4295706.0,NAD27 11S,,False,False,2012,38.77422755643939,-119.89578091039009,0,3,4
Cec12-G20,G20,101.7,1.5,"Cecil et al., 2012",Zircon,spot analyses,Plutonic,granodiorite,Caples Lake,northern Sierra plutons,231385.0,4288352.0,NAD27 11S,,False,False,2012,38.70302762525165,-120.08888389897882,0,3,4
Cec12-G19,G19,105.2,1.5,"Cecil et al., 2012",Zircon,spot analyses,Plutonic,tonalite,Silver Lake,northern Sierra plutons,227299.0,4281923.0,NAD27 11S,,False,False,2012,38.643927191035374,-120.13327988403373,0,3,4
Cec12-G23,G23,106.8,1.9,"Cecil et al., 2012",Zircon,spot analyses,Plutonic,granodiorite,Freel Peak,northern Sierra plutons,252597.0,4294331.0,NAD27 11S,,False,False,2012,38.763029760145876,-119.8473897301971,0,3,4
Cec12-G21,G21,109.8,2.1,"Cecil et al., 2012",Zircon,spot analyses,Plutonic,tonalite,Carson Pass,northern Sierra plutons,239550.0,4286936.0,NAD27 11S,,False,False,2012,38.69272603101864,-119.99458124310215,0,3,4
Cec12-G18,G18,121.5,1.3,"Cecil et al., 2012",Zircon,spot analyses,Plutonic,granodiorite,Bear River Reservoir,northern Sierra plutons,215474.0,4272922.0,NAD27 11S,,False,False,2012,38.55922662609508,-120.26527047692133,0,3,4
LFO-74H,LFO-74,88.25,3.0,"Chambers et al., 2020",Zircon,TIMS single grain,Plutonic,porphyritic granodiorite,transitional Cathedral Peak phase,Tuolumne Intrusive Suite,295766.0,4187112.0,NAD27 11S,"No error given, assume 3% uncertainty",False,True,2020,37.80857535901808,-119.32002127254037,2,2,11
CoGl97-YO94-28,YO94-28,85.4,0.1,"Coleman and Glazner, 1997",Zircon/Sphene,TIMS multigrain fraction,Plutonic,granite porphry,Johnson Peak phase,Tuolumne Intrusive Suite,291530.0,4190810.0,NAD27 11S,,False,False,1997,37.84092024113329,-119.36916822048109,2,3,12
CoGl97-YO94-20,YO94-20,88.1,0.2,"Coleman and Glazner, 1997",Zircon/Sphene,TIMS multigrain fraction,Plutonic,megacrystic granodiorite,Cathedral Peak phase,Tuolumne Intrusive Suite,285700.0,4192750.0,NAD27 11S,,False,False,1997,37.85703872983772,-119.4359442744364,2,3,12
CoGl97-YO94-21,YO94-21,91.0,1.0,"Coleman and Glazner, 1997",Zircon/Sphene,TIMS multigrain fraction,Plutonic,equigranular Half Dome Granodiorite,equigranular Half Dome phase,Tuolumne Intrusive Suite,281200.0,4187700.0,NAD27 11S,,False,False,1997,37.81049625319254,-119.48552482868963,1,2,7
CoGl97-YO94-23,YO94-23,95.0,1.0,"Coleman and Glazner, 1997",Zircon/Sphene,TIMS multigrain fraction,Plutonic,granodiorite,Sentinel Granodiorite,Sentinel Pluton,266900.0,4192650.0,NAD27 11S,,False,False,1997,37.85152530544538,-119.64940968935922,0,3,4
Cea04-HD02-102,HD02-102,88.8,1.3,"Coleman et al., 2004",Zircon,TIMS multigrain fraction,Plutonic,porphyritic granodiorite,porphyritic Half Dome phase,Tuolumne Intrusive Suite,298126.0,4199461.0,NAD27 11S,,False,False,2004,37.92031353976844,-119.29668319362784,2,3,12
Cea04-HD02-111,HD02-111,88.8,0.8,"Coleman et al., 2004",Zircon,TIMS multigrain fraction,Plutonic,porphyritic granodiorite,porphyritic Half Dome phase,Tuolumne Intrusive Suite,289783.0,4180011.0,NAD27 11S,,False,False,2004,37.743270210120095,-119.38587531290717,2,2,11
Cea04-HD01-2,HD01-2,90.6,0.6,"Coleman et al., 2004",Zircon,TIMS multigrain fraction,Plutonic,equigranular granodiorite,equigranular Half Dome phase,Tuolumne Intrusive Suite,275819.0,4180869.0,NAD27 11S,,False,False,2004,37.74768248153736,-119.54448653039923,1,2,7
Cea04-HD01-43,HD01-43,91.1,0.1,"Coleman et al., 2004",Zircon,TIMS multigrain fraction,Plutonic,equigranular granodiorite,equigranular Half Dome phase,Tuolumne Intrusive Suite,276872.0,4180443.0,NAD27 11S,,False,False,2004,37.744103921804054,-119.53241478169592,1,2,7
Cea04-HD01-49,HD01-49,91.7,0.2,"Coleman et al., 2004",Zircon,TIMS multigrain fraction,Plutonic,equigranular granodiorite,equigranular Half Dome phase,Tuolumne Intrusive Suite,273500.0,4180690.0,NAD27 11S,,False,False,2004,37.74549973184169,-119.57072752034317,1,2,7
Cea04-Y01-5,Y01-5,92.8,0.1,"Coleman et al., 2004",Zircon,TIMS multigrain fraction,Plutonic,equigranular granodiorite,equigranular Half Dome phase,Tuolumne Intrusive Suite,300748.0,4193450.0,NAD27 11S,,False,False,2004,37.86675673619664,-119.26521451935756,2,3,12
Cea04-KGA-1,KGA-1,93.1,0.1,"Coleman et al., 2004",Zircon,TIMS multigrain fraction,Plutonic,tonalite,Glen Aulin tonalite,Tuolumne Intrusive Suite,281023.0,4191473.0,NAD27 11S,,False,False,2004,37.84442835051112,-119.4886752423643,1,3,8
Cea04-HD01-35,HD01-35,93.5,0.7,"Coleman et al., 2004",Zircon,TIMS multigrain fraction,Plutonic,granodioritre,Kuna Crest phase,Tuolumne Intrusive Suite,300844.0,4197758.0,NAD27 11S,,False,False,2004,37.90557564324926,-119.26531280197014,2,3,12
Dea12-Km07-06,Km07-06,83.5,3.0,"Davis et al., 2012",Zircon,TIMS single and multi grain,Plutonic,granite,Mono Creek granite,John Muir Intrusive Suite,345992.0,4134187.0,NAD27 11S,"No error given, assume 3% uncertainty",False,True,2012,37.34161029684019,-118.73863049958797,3,1,14
Dea12-Mc-1,Mc-1,87.24,0.15,"Davis et al., 2012",Zircon,TIMS single and multi grain,Plutonic,granite,Mono Creek granite,John Muir Intrusive Suite,343387.0,4142647.0,NAD27 11S,,False,False,2012,37.41739525823856,-118.76981700182162,3,1,14
Dea12-Kle07-05,Kle07-05,88.76,0.06,"Davis et al., 2012",Zircon,TIMS single and multi grain,Plutonic,granodiorite,Lake Edison granodiorite,John Muir Intrusive Suite,342400.0,4125803.0,NAD27 11S,,False,False,2012,37.265470886671295,-118.77738456133598,3,0,13
Dea12-Rvp-2,Rvp-2,89.03,0.18,"Davis et al., 2012",Zircon,TIMS single and multi grain,Plutonic,granodiorite,Round Valley Peak granodiorite,John Muir Intrusive Suite,346752.0,4146780.0,NAD27 11S,,False,False,2012,37.455195159510914,-118.73266511383332,3,1,14
Dea12-Kl07-02,Kl07-02,93.46,0.07,"Davis et al., 2012",Zircon,TIMS single and multi grain,Plutonic,granodiorite,Lamarck granodiorite,John Muir Intrusive Suite,339488.0,4123721.0,NAD27 11S,,False,False,2012,37.24621552652843,-118.80976182605896,3,0,13
Dea12-32BRJ05,32BRJ05,93.92,0.18,"Davis et al., 2012",Zircon,TIMS single and multi grain,Plutonic,granodiorite,Lamarck granodiorite,John Muir Intrusive Suite,362265.0,4106205.0,NAD27 11S,,False,False,2012,37.092027664499795,-118.54981838787101,3,0,13
Dea12-Db04-06,Db04-06,94.01,0.2,"Davis et al., 2012",Zircon,TIMS single and multi grain,Plutonic,granodiorite,Lamarck granodiorite,John Muir Intrusive Suite,360325.0,4106675.0,NAD27 11S,,False,False,2012,37.09597552419389,-118.57172766802051,3,0,13
Dea12-Db05-04,Db05-04,94.08,0.17,"Davis et al., 2012",Zircon,TIMS single and multi grain,Plutonic,granodiorite,Lamarck granodiorite,John Muir Intrusive Suite,360565.0,4105611.0,NAD27 11S,,False,False,2012,37.08642368415,-118.56883023744271,3,0,13
Dea12-Db04-05,Db04-05,94.26,0.17,"Davis et al., 2012",Zircon,TIMS single and multi grain,Plutonic,granodiorite,Lamarck granodiorite,John Muir Intrusive Suite,362068.0,4106326.0,NAD27 11S,,False,False,2012,37.093089005389466,-118.5520565674484,3,0,13
Dea12-Dbk05-01,Dbk05-01,95.45,0.32,"Davis et al., 2012",Zircon,TIMS single and multi grain,Plutonic,quartz monzodiorite,Inconsolable quartz monzodiorite,John Muir Intrusive Suite,363123.0,4108385.0,NAD27 11S,,False,False,2012,37.11179742664576,-118.54056504166104,3,0,13
DoCa86-LE-36,LE-36,108.7,11.0,"Dodge and Calk, 1986",Zircon,multigrain fraction,Plutonic,tonalite,Tueeulala Falls tonalite,"unassigned, Hetch Hetchy area",255435.0,4203717.0,NAD27 11S,"No error given, assume 10% uncertainty but could be more or less",False,True,1986,37.94815211193365,-119.78333514649925,0,3,4
DoCa86-LE-31,LE-31,114.1,11.0,"Dodge and Calk, 1986",Zircon,multigrain fraction,Plutonic,tonalite,Poopenaut Valley pluton,Fine Gold Intrusive Suite,253859.0,4200061.0,NAD27 11S,"No error given, assume 10% uncertainty but could be more or less",False,True,1986,37.914814496360435,-119.80000199721931,0,3,4
DoCa86-LE-90,LE-90,115.3,12.0,"Dodge and Calk, 1986",Zircon,multigrain fraction,Plutonic,granodiorite,Hazel Green Ranch granodiorite,Fine Gold Intrusive Suite,243081.0,4183729.0,NAD27 11S,"No error given, assume 10% uncertainty but could be more or less",False,True,1986,37.76482372251067,-119.91666512597385,0,2,3
DoCa86-LE-1104,LE-1104,118.8,12.0,"Dodge and Calk, 1986",Zircon,multigrain fraction,Plutonic,tonalite,Poopenaut Valley pluton,Fine Gold Intrusive Suite,256297.0,4183327.0,NAD27 11S,"No error given, assume 10% uncertainty but could be more or less",False,True,1986,37.76482148534524,-119.76666097543416,0,2,3
Fea14-MG10-07,MG10-07,90.87,0.05,"Frazer et al., 2014",Zircon,TIMS single and multi grain,Plutonic,megacrystic granodiorite,megacrystic phase,Mount Givens Pluton,326455.0,4110138.0,NAD27 11S,,False,False,2014,37.12151121400655,-118.95347764752324,3,0,13
Fea14-MG10-08,MG10-08,91.03,0.06,"Frazer et al., 2014",Zircon,TIMS single and multi grain,Plutonic,aplitic granite,aplitic phase,Mount Givens Pluton,324813.0,4113448.0,NAD27 11S,,False,False,2014,37.15102462756426,-118.97272493492711,3,0,13
Fea14-MG10-04,MG10-04,91.45,2.25,"Frazer et al., 2014",Zircon,TIMS single and multi grain,Plutonic,megacrystic granodiorite,megacrystic phase,Mount Givens Pluton,296877.0,4145283.0,NAD27 11S,,False,False,2014,37.43210319024422,-119.29579030707406,2,1,10
Fea14-MG10-02,MG10-02,92.45,0.05,"Frazer et al., 2014",Zircon,TIMS single and multi grain,Plutonic,megacrystic granodiorite,megacrystic phase,Mount Givens Pluton,299199.0,4149974.0,NAD27 11S,,False,False,2014,37.47486006029378,-119.27084258411728,2,1,10
Fea14-MG10-03,MG10-03,92.72,0.08,"Frazer et al., 2014",Zircon,TIMS single and multi grain,Plutonic,aplitic granite,aplitic phase,Mount Givens Pluton,295611.0,4144723.0,NAD27 11S,,False,False,2014,37.42678087626388,-119.30993356079604,2,1,10
Fea14-MG11-03,MG11-03,94.64,0.05,"Frazer et al., 2014",Zircon,TIMS single and multi grain,Plutonic,granodiorite,equigranular phase,Mount Givens Pluton,290484.0,4140534.0,NAD27 11S,,False,False,2014,37.38790815937503,-119.36664477852841,2,1,10
Fea14-MG10-01,MG10-01,95.37,0.04,"Frazer et al., 2014",Zircon,TIMS single and multi grain,Plutonic,granodiorite,equigranular phase,Mount Givens Pluton,297905.0,4153116.0,NAD27 11S,,False,False,2014,37.502876372997015,-119.28632847238366,2,1,10
Fea14-MG11-02,MG11-02,95.54,0.07,"Frazer et al., 2014",Zircon,TIMS single and multi grain,Plutonic,megacrystic granodiorite,megacrystic phase,Mount Givens Pluton,312488.0,4131876.0,NAD27 11S,,False,False,2014,37.314631929184465,-119.11606575153678,3,0,13
Fea14-MG12-01,MG12-01,95.8,0.8,"Frazer et al., 2014",Zircon,TIMS single and multi grain,Plutonic,megacrystic granodiorite,megacrystic phase,Mount Givens Pluton,294235.0,4133295.0,NAD27 11S,,False,False,2014,37.32355062078238,-119.3222958791684,2,0,9
Fea14-MG11-01,MG11-01,95.84,0.06,"Frazer et al., 2014",Zircon,TIMS single and multi grain,Plutonic,granodiorite,equigranular phase,Mount Givens Pluton,316560.0,4132048.0,NAD27 11S,,False,False,2014,37.31699397244033,-119.07018359742005,3,0,13
Fea14-MG10-05,MG10-05,96.48,0.05,"Frazer et al., 2014",Zircon,TIMS single and multi grain,Plutonic,granodiorite,equigranular phase,Mount Givens Pluton,288608.0,4136087.0,NAD27 11S,,False,False,2014,37.347432467844484,-119.3865492828346,2,1,10
Fea14-MG11-04,MG11-04,97.92,0.06,"Frazer et al., 2014",Zircon,TIMS single and multi grain,Plutonic,megacrystic granodiorite,megacrystic phase,Mount Givens Pluton,283998.0,4149784.0,NAD27 11S,,False,False,2014,37.46972116691681,-119.44255583548696,1,1,6
FrMa88-p,p,97.5,10.0,"Frost and Mattinson, 1988",Zircon,multigrain fraction,Plutonic,quartz diorite,quartz diorite of Pine Lake,unassigned,346850.0,4135420.0,NAD27 11S,"No error given, assume 10% uncertainty but could be more or less",False,True,1988,37.35286129567237,-118.72920321082147,3,1,14
Lea12-Kdc-H,Kdc-H,101.5,1.2,"Lackey et al., 2012",Zircon,spot analyses,Plutonic,granodiorite,Dinkey Creek granodiorite,Shaver Intrusive Suite,308649.0,4104104.0,NAD27 11S,,False,False,2012,37.06368637293888,-119.1522462695795,3,0,13
Lea12-1S40,1S40,105.0,2.4,"Lackey et al., 2012",Zircon,spot analyses,Plutonic,tonalite,Bass Lake pluton,Fine Gold Intrusive Suite,275324.0,4100230.0,NAD27 11S,,False,False,2012,37.021408605512455,-119.52560985569113,1,0,5
Lea12-8S10,8S10,105.5,4.3,"Lackey et al., 2012",Zircon,spot analyses,Plutonic,tonalite,Bass Lake pluton,Fine Gold Intrusive Suite,287045.0,4108665.0,NAD27 11S,,False,False,2012,37.10010836331707,-119.39634992100713,2,0,9
Lea12-1S91,1S91,105.5,3.5,"Lackey et al., 2012",Zircon,spot analyses,Plutonic,tonalite,Bass Lake pluton,Fine Gold Intrusive Suite,280131.0,4120757.0,NAD27 11S,,False,False,2012,37.20740863605349,-119.47763980864458,1,0,5
Lea12-8S35,8S35,107.3,1.9,"Lackey et al., 2012",Zircon,spot analyses,Plutonic,tonalite,Bass Lake pluton,Fine Gold Intrusive Suite,270877.0,4149687.0,NAD27 11S,,False,False,2012,37.46568860184653,-119.59076341723622,1,1,6
Lea12-8S14,8S14,107.5,3.5,"Lackey et al., 2012",Zircon,spot analyses,Plutonic,tonalite,Bass Lake pluton,Fine Gold Intrusive Suite,277470.0,4106228.0,NAD27 11S,,False,False,2012,37.07593583501106,-119.50328188559219,1,0,5
Lea12-8S08,8S08,108.4,1.4,"Lackey et al., 2012",Zircon,spot analyses,Plutonic,tonalite,Bass Lake pluton,Fine Gold Intrusive Suite,280222.0,4135700.0,NAD27 11S,,False,False,2012,37.34200006177281,-119.48103028515693,1,1,6
Lea12-8S11,8S11,109.6,2.0,"Lackey et al., 2012",Zircon,spot analyses,Plutonic,tonalite,Bass Lake pluton,Fine Gold Intrusive Suite,302801.0,4096978.0,NAD27 11S,,False,False,2012,36.99828670272272,-119.21611159526549,2,0,9
Lea12-8S18,8S18,110.6,1.3,"Lackey et al., 2012",Zircon,spot analyses,Plutonic,tonalite,Bass Lake pluton,Fine Gold Intrusive Suite,259591.0,4142469.0,NAD27 11S,,False,False,2012,37.39783474241044,-119.71589867154303,0,1,2
Lea12-8S28,8S28,111.8,2.0,"Lackey et al., 2012",Zircon,spot analyses,Plutonic,tonalite,Bass Lake pluton,Fine Gold Intrusive Suite,248691.0,4139581.0,NAD27 11S,,False,False,2012,37.36894341443031,-119.83791991176622,0,1,2
Lea12-8S06,8S06,112.9,1.3,"Lackey et al., 2012",Zircon,spot analyses,Plutonic,tonalite,Bass Lake pluton,Fine Gold Intrusive Suite,263498.0,4110295.0,NAD27 11S,,False,False,2012,37.109137119561645,-119.66158710075189,0,0,1
Lea12-1S94,1S94,113.6,1.8,"Lackey et al., 2012",Zircon,spot analyses,Plutonic,granodiorite,Knowles granodiorite,Fine Gold Intrusive Suite,248558.0,4117991.0,NAD27 11S,,False,False,2012,37.17453374048573,-119.83212407387299,0,0,1
Lea12-1S90,1S90,114.0,2.4,"Lackey et al., 2012",Zircon,spot analyses,Plutonic,tonalite,Bass Lake pluton,Fine Gold Intrusive Suite,285305.0,4119263.0,NAD27 11S,,False,False,2012,37.19515845289749,-119.41895383027223,2,0,9
Lea12-8S29,8S29,114.6,1.8,"Lackey et al., 2012",Zircon,spot analyses,Plutonic,tonalite,Bass Lake pluton,Fine Gold Intrusive Suite,251629.0,4153523.0,NAD27 11S,,False,False,2012,37.49525337224926,-119.809470074043,0,1,2
Lea12-8S23,8S23,116.2,1.7,"Lackey et al., 2012",Zircon,spot analyses,Plutonic,tonalite,Bass Lake pluton,Fine Gold Intrusive Suite,242394.0,4111636.0,NAD27 11S,,False,False,2012,37.115642884127645,-119.8992858878762,0,0,1
Lea12-8S03,8S03,116.9,1.2,"Lackey et al., 2012",Zircon,spot analyses,Plutonic,tonalite,Bass Lake pluton,Fine Gold Intrusive Suite,267883.0,4094990.0,NAD27 11S,,False,False,2012,36.97241294064807,-119.60756464398867,1,0,5
Lea12-8S27,8S27,117.4,2.0,"Lackey et al., 2012",Zircon,spot analyses,Plutonic,tonalite,Bass Lake pluton,Fine Gold Intrusive Suite,243835.0,4155037.0,NAD27 11S,,False,False,2012,37.50675380725898,-119.89805809087221,0,1,2
Lea12-8S05,8S05,117.4,1.9,"Lackey et al., 2012",Zircon,spot analyses,Plutonic,tonalite,Bass Lake pluton,Fine Gold Intrusive Suite,251617.0,4104006.0,NAD27 11S,,False,False,2012,37.04943800695769,-119.79307460895531,0,0,1
Lea12-8S16,8S16,117.4,1.8,"Lackey et al., 2012",Zircon,spot analyses,Plutonic,granodiorite,Arch Rock granodiorite,Fine Gold Intrusive Suite,272918.0,4129586.0,NAD27 11S,,False,False,2012,37.28518662511927,-119.56153957393623,1,0,5
Lea12-8S36,8S36,117.9,2.5,"Lackey et al., 2012",Zircon,spot analyses,Plutonic,tonalite,Bass Lake pluton,Fine Gold Intrusive Suite,263539.0,4162339.0,NAD27 11S,,False,False,2012,37.57775677668296,-119.6777258804211,0,1,2
Lea12-8S02,8S02,118.0,1.6,"Lackey et al., 2012",Zircon,spot analyses,Plutonic,gabbro,central gabbro phase of Academy pluton,Fine Gold Intrusive Suite,276793.0,4086871.0,NAD27 11S,,False,False,2012,36.90144985087966,-119.5051640173436,1,0,5
Lea12-8S34,8S34,118.4,1.3,"Lackey et al., 2012",Zircon,spot analyses,Plutonic,granodiorite,Arch Rock granodiorite,Fine Gold Intrusive Suite,265153.0,4146984.0,NAD27 11S,,False,False,2012,37.43991439159408,-119.65456274484355,0,1,2
Lea12-8S20,8S20,118.6,1.8,"Lackey et al., 2012",Zircon,spot analyses,Plutonic,tonalite,Bass Lake pluton,Fine Gold Intrusive Suite,253591.0,4124943.0,NAD27 11S,,False,False,2012,37.23846707438233,-119.7777910312463,0,0,1
Lea12-8S33,8S33,119.7,2.1,"Lackey et al., 2012",Zircon,spot analyses,Plutonic,tonalite,Bass Lake pluton,Fine Gold Intrusive Suite,259493.0,4153795.0,NAD27 11S,,False,False,2012,37.49978376481891,-119.72069797553397,0,1,2
Lea12-8S26,8S26,120.9,1.9,"Lackey et al., 2012",Zircon,spot analyses,Plutonic,tonalite,Bass Lake pluton,Fine Gold Intrusive Suite,239561.0,4146942.0,NAD27 11S,,False,False,2012,37.4326886558514,-119.94349172427414,0,1,2
Lea12-8S24,8S24,121.1,1.8,"Lackey et al., 2012",Zircon,spot analyses,Plutonic,tonalite,Bass Lake pluton,Fine Gold Intrusive Suite,236519.0,4132830.0,NAD27 11S,,False,False,2012,37.30479605897658,-119.9728093572993,0,0,1
Lea12-11SN32,11SN32,123.9,1.5,"Lackey et al., 2012",Zircon,spot analyses,Plutonic,trondhjemite,Ward Mountain pluton,Fine Gold Intrusive Suite,257863.0,4117049.0,NAD27 11S,,False,False,2012,37.16851004556759,-119.72712223347024,0,0,1
Mea03-KMR,KMR,94.0,5.0,"Mahan et al., 2003",Zircon,TIMS multigrain fraction,Plutonic,quartz monzodiorite,central McDoogle phase,John Muir Intrusive Suite,378930.0,4082453.0,NAD27 11S,"No error given, assume 5% uncertainty",False,True,2003,36.88027924529477,-118.35854000438259,3,0,13
Mea03-KM-11b,KM-11b,94.8,0.6,"Mahan et al., 2003",Zircon,TIMS multigrain fraction,Plutonic,quartz monzodiorite,marginal McDoogle phase,John Muir Intrusive Suite,380250.0,4082753.0,NAD27 11S,,False,False,2003,36.88315127162772,-118.34377923970668,3,0,13
Mea03-KM-10a,KM-10a,97.6,0.4,"Mahan et al., 2003",Zircon,TIMS multigrain fraction,Plutonic,quartz monzodiorite,McDoogle phase,John Muir Intrusive Suite,379880.0,4082513.0,NAD27 11S,,False,False,2003,36.880941347170776,-118.34789214400357,3,0,13
Mn96-SW,Mn96-SW,97.1,0.7,"Mcnulty et al., 1996",Zircon,TIMS multigrain fraction,Plutonic,granodiorite,Jackass Lakes pluton,Merced Peak intrusive suite,292000.0,4156000.0,NAD27 11S,"*Location not given, estimated from map",True,False,1996,37.52753819763924,-119.35389778579285,2,1,10
Mn96-NE,Mn96-NE,98.5,0.3,"Mcnulty et al., 1996",Zircon,TIMS multigrain fraction,Plutonic,granodiorite,Jackass Lakes pluton,Merced Peak intrusive suite,297000.0,4168000.0,NAD27 11S,"*Location not given, estimated from map",True,False,1996,37.63672740403329,-119.30068112467897,2,1,10
Mea10b-CPL-89,CPL-89,85.1,0.9,"Memeti et al., 2010",Zircon,TIMS single grain,Plutonic,granodiorite-granite,Cathedral Peak phase,Tuolumne Intrusive Suite,281551.0,4226570.0,NAD27 11S,,False,False,2010,38.16058162733471,-119.49336454409782,1,3,8
Mea10b-CPL-76,CPL-76,87.4,0.4,"Memeti et al., 2010",Zircon,TIMS single grain,Plutonic,granodiorite-granite,Cathedral Peak phase,Tuolumne Intrusive Suite,281825.0,4230220.0,NAD27 11S,,False,False,2010,38.19351289574644,-119.49135927417404,1,3,8
Mea10b-NHDL-889,NHDL-889,89.6,0.2,"Memeti et al., 2010",Zircon,TIMS single grain,Plutonic,granodiorite,equigranular Half Dome phase,Tuolumne Intrusive Suite,273329.0,4219327.0,NAD27 11S,,False,False,2010,38.09334003762595,-119.58482133799947,1,3,8
Mea10b-T684Z,T684Z,89.7,0.2,"Memeti et al., 2010",Zircon,TIMS single grain,Plutonic,porphyritic granodiorite,porphyritic Half Dome phase,Tuolumne Intrusive Suite,295024.0,4172555.0,NAD27 11S,,False,False,2010,37.677310987230385,-119.32433829782799,2,1,10
Mea10b-REE07,REE07,90.1,0.1,"Memeti et al., 2010",Zircon,TIMS single grain,Plutonic,porphyritic granodiorite,porphyritic Half Dome phase,Tuolumne Intrusive Suite,294714.0,4171693.0,NAD27 11S,,False,False,2010,37.66947854810193,-119.32760826577258,2,1,10
Mea10b-NHDL-922,NHDL-922,90.6,0.2,"Memeti et al., 2010",Zircon,TIMS single grain,Plutonic,granodiorite,equigranular Half Dome phase,Tuolumne Intrusive Suite,270676.0,4220170.0,NAD27 11S,,False,False,2010,38.100260697633196,-119.61531634310653,1,3,8
05183,05183,93.56,0.24,"Memeti et al., 2010, 2022",Zircon,TIMS single grain,Plutonic,granodiorite,Waugh Lake pluton,Tuolumne Intrusive Suite,306813.0,4180006.0,NAD27 11S,,False,False,2010,37.74697854445474,-119.19272627686014,3,2,15
KCL428,KCL428,94.4,0.2,"Memeti et al., 2010, 2022",Zircon,TIMS single grain,Plutonic,Kuna Crest lobe unit 1,Kuna Crest phase,Tuolumne Intrusive Suite,299392.0,4181977.0,NAD27 11S,,False,False,2010,37.763132952812306,-119.2774410902736,2,2,11
B90,B90,90.0,1.8,"Memeti et al., 2022",Zircon,spot analyses,Plutonic,gabbro,Island Pass gabbro,Tuolumne Intrusive Suite,306583.0,4178325.0,NAD27 11S,,False,False,2022,37.73178974955686,-119.19488779514485,3,2,15
KCL536,KCL536,92.8,0.3,"Memeti et al., 2022",Zircon,TIMS single grain,Plutonic,granodiorite,Kuna Crest-Half Dome transitional phase,Tuolumne Intrusive Suite,302817.0,4184237.0,NAD27 11S,,False,False,2022,37.78423215524913,-119.23919971374146,3,2,15
B43,B43,93.4,0.4,"Memeti et al., 2022",Zircon,TIMS single grain,Plutonic,granodiorite,Thousand Island Lake pluton,Tuolumne Intrusive Suite,306741.0,4177356.0,NAD27 11S,,False,False,2022,37.72309562116681,-119.19283855096546,3,2,15
A-23,A-23,94.2,0.9,"Memeti et al., 2022",Zircon,spot analyses,Plutonic,granodiorite,Gem Lake sheeted margin phase,Tuolumne Intrusive Suite,307486.0,4181289.0,NAD27 11S,,False,False,2022,37.75867598203701,-119.18543266967528,3,2,15
C-55,C-55,94.5,0.8,"Memeti et al., 2022",Zircon,spot analyses,Plutonic,migmatite,Rush Creek migmatite phase,Tuolumne Intrusive Suite,305102.0,4179263.0,NAD27 11S,,False,False,2022,37.73992385974077,-119.21193411886244,3,2,15
C49,C49,94.5,0.78,"Memeti et al., 2022",Zircon,TIMS single grain,Plutonic,Kuna Crest sheeted complex,Kuna Crest phase,Tuolumne Intrusive Suite,302462.0,4178611.0,NAD27 11S,,False,False,2022,37.733485766295416,-119.24169790268547,2,2,11
C63,C63,94.6,1.4,"Memeti et al., 2022",Zircon,TIMS single grain,Plutonic,Kuna Crest sheeted complex,Kuna Crest phase,Tuolumne Intrusive Suite,303771.0,4178586.0,NAD27 11S,,False,False,2022,37.73354210075596,-119.22684671579033,3,2,15
D-108,D-108,97.6,1.5,"Memeti et al., 2022",Zircon,spot analyses,Plutonic,granodiorite,Rush Creek pluton,"unassigned, Ritter Range pendant",308962.0,4180937.0,NAD27 11S,,False,False,2022,37.755815048101425,-119.16859548520696,3,2,15
Muea04-SLP,Soldier Lake pluton,97.4,0.4,"Mundil et al., 2004; Cao et al., 2015",Zircon,TIMS single grain,Plutonic,granodiorite,Soldier Lake pluton,"unassigned, Saddlebag Lake pendant",293892.0,4215066.0,NAD27 11S,,False,False,2004,38.05989213345172,-119.34929553202257,2,3,12
Pea15-LC-02,LC-02,103.5,0.4,"Putnam et al., 2015",Zircon,spot analyses,Plutonic,granodiorite,Bridalveil granodiorite,Buena Vista Crest intrusive suite,267100.0,4177740.0,NAD27 11S,approximate location due to no appropriate location data given,True,False,2015,37.717332658629836,-119.64235152945098,0,2,3
Pea15TIMS-LC-01,LC-01,104.1,0.1,"Putnam et al., 2015",Zircon,TIMS single grain,Plutonic,granite,Leaning Tower granite,Buena Vista Crest intrusive suite,267000.0,4177800.0,NAD27 11S,approximate location due to no appropriate location data given,True,False,2015,37.71784745567495,-119.6435041736091,0,2,3
Pea15TIMS-CS720,CS720,105.45,0.25,"Putnam et al., 2015",Zircon,TIMS single grain,Plutonic,granite,El Capitan phase,Yosemite Valley intrusive suite,260450.0,4177900.0,NAD27 11S,approximate location due to no appropriate location data given; from the Cookie Slide,True,False,2015,37.717058642723565,-119.71777449683712,0,2,3
Pea15TIMS-ECS726,ECS726,105.58,0.58,"Putnam et al., 2015",Zircon,TIMS single grain,Plutonic,granite,El Capitan phase,Yosemite Valley intrusive suite,267800.0,4180700.0,NAD27 11S,approximate location due to no appropriate location data given; from the summit of El Capitan,True,False,2015,37.74416146204373,-119.63536245370506,1,2,7
Pea15-ECS-01,ECS-01,106.6,0.7,"Putnam et al., 2015",Zircon,spot analyses,Plutonic,granite,Taft granite,Yosemite Valley intrusive suite,268532.0,4178842.0,NAD27 11S,,False,False,2015,37.72761778936253,-119.62647115625397,1,2,7
Pea15-RF-01,RF-01,114.9,0.8,"Putnam et al., 2015",Zircon,spot analyses,Plutonic,granite,El Capitan phase?,Yosemite Valley intrusive suite,252845.0,4174184.0,NAD27 11S,possible El Capitan granite from near El Portal,False,False,2015,37.681585356740385,-119.80270169577103,0,2,3
Pea15-YOS-104,YOS-104,103.5,0.6,"Putnam et al., 2015; Ratajeski et al., 2001",Zircon,spot analyses,Plutonic,diorite,Diorite of North America,Yosemite Valley intrusive suite,268306.0,4178738.0,NAD27 11S,,False,False,2015,37.72662424711878,-119.62899998012698,1,2,7
Pea15-YOS-23c,YOS-23c,104.0,0.4,"Putnam et al., 2015; Ratajeski et al., 2001",Zircon,spot analyses,Plutonic,diorite,Diorite of the Rockslides,Yosemite Valley intrusive suite,265372.0,4177933.0,NAD27 11S,,False,False,2015,37.718629458740864,-119.66199930950802,0,2,3
Rat01-YOS-1,YOS-1,103.0,5.0,"Ratajeski et al., 2001",Zircon,TIMS multigrain fraction,Plutonic,granite,Taft granite,Yosemite Valley intrusive suite,268827.0,4178435.0,NAD27 11S,"No error given, assume 5% uncertainty",False,True,2001,37.724027731516266,-119.62299767612565,1,2,7
Rat01-YOS-206,YOS-206,103.5,0.15,"Ratajeski et al., 2001",Zircon,TIMS multigrain fraction,Plutonic,diorite,Diorite of the Rockslides,Yosemite Valley intrusive suite,265901.0,4177929.0,NAD27 11S,,False,False,2001,37.71872876964059,-119.65600211772977,0,2,3
Rat01-YOS-180,YOS-180,104.0,5.0,"Ratajeski et al., 2001",Zircon,TIMS multigrain fraction,Plutonic,granite,El Capitan phase,Yosemite Valley intrusive suite,267771.0,4178531.0,NAD27 11S,"No error given, assume 5% uncertainty",False,True,2001,37.724624970554764,-119.63499858680842,1,2,7
MuUN-P-29,P-29,83.86,0.31,Roland Mundil unpublished,Zircon,TIMS single grain,Plutonic,granodiorite-granite,Cathedral Peak phase,Tuolumne Intrusive Suite,291852.0,4221522.0,NAD27 11S,,False,False,2023,38.117561569920774,-119.37441072199661,2,3,12
MuUN-CTP11,CTP11,85.64,0.43,Roland Mundil unpublished,Zircon,TIMS single grain,Plutonic,granodiorite-granite,Cathedral Peak phase,Tuolumne Intrusive Suite,288652.0,4213534.0,NAD27 11S,*Paterson et al 2016 report different ages and errors and cite Matzel abstract for the sample,False,False,2023,38.04488813273743,-119.4085225965924,2,3,12
MuUN-CTP01,CTP01,86.09,0.19,Roland Mundil unpublished,Zircon,TIMS single grain,Plutonic,granodiorite-granite,Cathedral Peak phase,Tuolumne Intrusive Suite,291765.0,4213537.0,NAD27 11S,*Paterson et al 2016 report different ages and errors and cite Matzel abstract for the sample,False,False,2023,38.04563644649267,-119.37307596128815,2,3,12
MuUN-CTP23,CTP23,86.85,0.21,Roland Mundil unpublished,Zircon,TIMS single grain,Plutonic,granodiorite-granite,Cathedral Peak phase,Tuolumne Intrusive Suite,294746.0,4189782.0,NAD27 11S,,False,False,2023,37.83239184504228,-119.33235621462481,2,2,11
MuUN-CTP13,CTP13,87.17,0.21,Roland Mundil unpublished,Zircon,TIMS single grain,Plutonic,granodiorite-granite,Cathedral Peak phase,Tuolumne Intrusive Suite,282892.0,4210915.0,NAD27 11S,*Paterson et al 2016 report different ages and errors and cite Matzel abstract for the sample,False,False,2023,38.01994275461628,-119.47331436016313,1,3,8
MuUN-HDP01,HDP01,87.95,0.17,Roland Mundil unpublished,Zircon,TIMS single grain,Plutonic,porphyritic granodiorite,porphyritic Half Dome phase,Tuolumne Intrusive Suite,282171.0,4210302.0,NAD27 11S,*Paterson et al 2016 report different ages and errors and cite Matzel abstract for the sample,False,False,2023,38.014250045918374,-119.48133475106505,1,3,8
MuUN-4-66-2,4-66-2,88.31,0.26,Roland Mundil unpublished,Zircon,TIMS single grain,Plutonic,granodiorite-granite,Cathedral Peak phase,Tuolumne Intrusive Suite,297776.0,4207353.0,NAD27 11S,,False,False,2023,37.99130858552808,-119.30288125108663,2,3,12
MuUN-CTP20,CTP20,88.59,0.54,Roland Mundil unpublished,Zircon,TIMS single grain,Plutonic,granodiorite-granite,Cathedral Peak phase,Tuolumne Intrusive Suite,289698.0,4180558.0,NAD27 11S,,False,False,2023,37.748176664342786,-119.38699755401007,2,2,11
MuUN-TL,TL,88.82,0.7,Roland Mundil unpublished,Zircon,TIMS single grain,Plutonic,porphyritic granodiorite,porphyritic Half Dome phase,Tuolumne Intrusive Suite,283999.0,4190222.0,NAD27 11S,,False,False,2023,37.83387300676669,-119.45450816131755,1,2,7
MuUN-HDP52,HDP52,89.35,0.25,Roland Mundil unpublished,Zircon,TIMS single grain,Plutonic,porphyritic granodiorite,porphyritic Half Dome phase,Tuolumne Intrusive Suite,284031.0,4190253.0,NAD27 11S,,False,False,2023,37.83415973343471,-119.45415409170904,1,2,7
MuUN-HDE10,HDE10,89.36,0.15,Roland Mundil unpublished,Zircon,TIMS single grain,Plutonic,granodiorite,equigranular Half Dome phase,Tuolumne Intrusive Suite,281144.0,4179301.0,NAD27 11S,,False,False,2023,37.73485192407753,-119.48362769825341,1,2,7
MuUN-HDP12,HDP12,89.53,0.21,Roland Mundil unpublished,Zircon,TIMS single grain,Plutonic,porphyritic granodiorite,porphyritic Half Dome phase,Tuolumne Intrusive Suite,284426.0,4179465.0,NAD27 11S,,False,False,2023,37.73710741441674,-119.4464628492767,2,2,11
MuUN-CLR01,CLR01,89.8,0.24,Roland Mundil unpublished,Zircon,TIMS single grain,Plutonic,granodiorite,equigranular Half Dome phase,Tuolumne Intrusive Suite,280821.0,4182766.0,NAD27 11S,,False,False,2023,37.76597617082045,-119.48833526948644,1,2,7
MuUN-YV10TC01,YV10TC01,90.85,0.3,Roland Mundil unpublished,Zircon,TIMS single grain,Plutonic,granodiorite,equigranular Half Dome phase,Tuolumne Intrusive Suite,277158.0,4181973.0,NAD27 11S,,False,False,2023,37.757950449493876,-119.52964096789064,1,2,7
MuUN-HDE02,HDE02,90.9,0.38,Roland Mundil unpublished,Zircon,TIMS single grain,Plutonic,granodiorite,equigranular Half Dome phase,Tuolumne Intrusive Suite,281582.0,4210278.0,NAD27 11S,*Paterson et al 2016 report different ages and errors and cite Matzel abstract for the sample,False,False,2023,38.013892208351955,-119.48803104135939,1,3,8
MuUN-KCR01,KCR01,91.12,0.71,Roland Mundil unpublished,Zircon,TIMS single grain,Plutonic,granodiorite,Kuna Crest phase,Tuolumne Intrusive Suite,281028.0,4209879.0,NAD27 11S,*Paterson et al 2016 report different ages and errors and cite Matzel abstract for the sample,False,False,2023,38.010165826363526,-119.49421441696236,1,3,8
MuUN-HDE18,HDE18,91.17,0.44,Roland Mundil unpublished,Zircon,TIMS single grain,Plutonic,granodiorite,equigranular Half Dome phase,Tuolumne Intrusive Suite,274912.0,4178314.0,NAD27 11S,,False,False,2023,37.72445379913494,-119.55398078516352,1,2,7
MuUN-HDE19,HDE19,91.34,0.46,Roland Mundil unpublished,Zircon,TIMS single grain,Plutonic,granodiorite,equigranular Half Dome phase,Tuolumne Intrusive Suite,300378.0,4187163.0,NAD27 11S,,False,False,2023,37.81005461565279,-119.26768288756053,2,2,11
MuUN-B43,B43,92.87,0.65,Roland Mundil unpublished,Zircon,TIMS single grain,Plutonic,granodiorite,Thousand Island Lake pluton,Tuolumne Intrusive Suite,306740.0,4177354.0,NAD27 11S,"*Paterson et al 2016 report different ages and errors, cites new unpub for the sample",False,False,2023,37.72307739674078,-119.1928493586593,3,2,15
Sea89a-1,1,123.0,2.0,"Saleeby et al., 1989",Zircon,TIMS multigrain fraction,Plutonic,biotite-hornblende tonalite,White Rock pluton,Fine Gold Intrusive Suite?,227762.0,4134842.0,NAD27 11S,,False,False,1989,37.320383915632846,-120.0722229931925,0,1,2
St81-TMB-164,TMB-164,86.2,9.0,"Stern et al., 1981",Zircon,multigrain fraction,Plutonic,granodiorite,Cathedral Peak phase,Tuolumne Intrusive Suite,293750.0,4194650.0,NAD27 11S,"No error given, assume 10% uncertainty but could be more or less",False,True,1981,37.876006294063664,-119.34505438826669,2,3,12
St81-TMC-173,TMC-173,88.0,9.0,"Stern et al., 1981",Zircon,multigrain fraction,Plutonic,quartz diorite,quartz diorite of May Lake,Tuolumne Intrusive Suite,281800.0,4192300.0,NAD27 11S,"No error given, assume 10% uncertainty but could be more or less",False,True,1981,37.85206144857164,-119.48010181732211,1,3,8
St81-ABB-1,ABB-1,88.4,9.0,"Stern et al., 1981",Zircon,multigrain fraction,Plutonic,granite,Mono Creek phase,John Muir Intrusive Suite,344500.0,4143150.0,NAD27 11S,"No error given, assume 10% uncertainty but could be more or less",False,True,1981,37.42211465308199,-118.75735081888836,3,1,14
St81-MT-13,MT-13,89.1,9.0,"Stern et al., 1981",Zircon,multigrain fraction,Plutonic,granodiorite,Round Valley Peak phase,John Muir Intrusive Suite,346850.0,4147000.0,NAD27 11S,"No error given, assume 10% uncertainty but could be more or less",False,True,1981,37.45719351058888,-118.73160327375527,3,1,14
St81-MGB-1,MGB-1,89.6,9.0,"Stern et al., 1981",Zircon,multigrain fraction,Plutonic,granodiorite,Lamarck phase,John Muir Intrusive Suite,361250.0,4114950.0,NAD27 11S,"No error given, assume 10% uncertainty but could be more or less",False,True,1981,37.170677939433965,-118.56285556536835,3,0,13
St81-KPB-85,KPB-85,89.8,9.0,"Stern et al., 1981",Zircon,multigrain fraction,Plutonic,granodiorite,Lake Edison phase,John Muir Intrusive Suite,315750.0,4142500.0,NAD27 11S,"No error given, assume 10% uncertainty but could be more or less",False,True,1981,37.41098446913261,-119.08191990596255,3,1,14
St81-F76-6,F76-6,91.1,9.0,"Stern et al., 1981",Zircon,multigrain fraction,Plutonic,granodiorite,Kuna Crest phase,Tuolumne Intrusive Suite,308450.0,4175450.0,NAD27 11S,"No error given, assume 10% uncertainty but could be more or less",False,True,1981,37.70628761481378,-119.17295836781786,3,2,15
St81-MP-846,MP-846,92.6,9.0,"Stern et al., 1981",Zircon,multigrain fraction,Plutonic,granite porphyry,Post Peak porphyry,Merced Peak intrusive suite,290600.0,4168900.0,NAD27 11S,"No error given, assume 10% uncertainty but could be more or less",False,True,1981,37.64339618831528,-119.37341670213983,2,1,10
LaUn1S41,1S41,106.3,2.0,Lackey unpublished,Zircon,spot analyses,Plutonic,leucogranite,Big Sandy Bluffs leucogranite,unassigned,282430.0,4104200.0,NAD27 11S,,False,False,2023,37.05883571843179,-119.44694565375175,1,0,5
St81-KPD-72,KPD-72,92.8,9.0,"Stern et al., 1981",Zircon,multigrain fraction,Plutonic,granodiorite,Mount Givens,Mount Givens Pluton,320800.0,4131450.0,NAD27 11S,"No error given, assume 10% uncertainty but could be more or less",False,True,1981,37.312434304316085,-119.0222169167739,3,0,13
St81-MT-12,MT-12,93.2,9.0,"Stern et al., 1981",Zircon,multigrain fraction,Plutonic,granodiorite,Lake Edison phase,John Muir Intrusive Suite,347850.0,4137650.0,NAD27 11S,"No error given, assume 10% uncertainty but could be more or less",False,True,1981,37.37311766858638,-118.71837517222063,3,1,14
St81-BIC-1,BIC-1,95.3,10.0,"Stern et al., 1981",Zircon,multigrain fraction,Plutonic,leucogranite,Rawson Creek leucogranite,unassigned,377750.0,4123850.0,NAD27 11S,"No error given, assume 10% uncertainty but could be more or less",False,True,1981,37.25318553056827,-118.37851336144823,3,0,13
St81-FD-12,FD-12,95.7,10.0,"Stern et al., 1981",Zircon,multigrain fraction,Plutonic,granite,Taft granite,Yosemite Valley intrusive suite,270600.0,4176950.0,NAD27 11S,"No error given, assume 10% uncertainty but could be more or less",False,True,1981,37.71110253813683,-119.60243142651613,1,2,7
St81-Y-721,Y-721,96.9,10.0,"Stern et al., 1981",Zircon,multigrain fraction,Plutonic,granite,El Capitan phase,Yosemite Valley intrusive suite,268800.0,4160600.0,NAD27 11S,"No error given, assume 10% uncertainty but could be more or less",False,True,1981,37.56343464209809,-119.617658580244,1,1,6
St81-MP-789,MP-789,97.7,10.0,"Stern et al., 1981",Zircon,multigrain fraction,Plutonic,granodiorite,Red Devil Lake granodiorite,Washburn Lake intrusive suite,289700.0,4171200.0,NAD27 11S,"No error given, assume 10% uncertainty but could be more or less",False,True,1981,37.66390347882292,-119.38427211393032,2,1,10
St81-MP-520,MP-520,98.1,10.0,"Stern et al., 1981",Zircon,multigrain fraction,Plutonic,granodiorite,Jackass Lakes pluton,Merced Peak intrusive suite,288200.0,4163200.0,NAD27 11S,"No error given, assume 10% uncertainty but could be more or less",False,True,1981,37.59151423160018,-119.39894668634554,2,1,10
St81-DP-2,DP-2,98.9,10.0,"Stern et al., 1981",Zircon,multigrain fraction,Plutonic,leucogranite,Graveyard Peak leucogranite,unassigned,320450.0,4155450.0,NAD27 11S,"No error given, assume 10% uncertainty but could be more or less",False,True,1981,37.52856167049662,-119.03200004061263,3,1,14
St81-MP-568,MP-568,100.2,10.0,"Stern et al., 1981",Zircon,multigrain fraction,Plutonic,granodiorite,Illilouette Creek granodiorite,Buena Vista Crest intrusive suite,286200.0,4168700.0,NAD27 11S,"No error given, assume 10% uncertainty but could be more or less",False,True,1981,37.64058153413832,-119.42318890029614,2,1,10
St81-SLB-70,SLB-70,101.9,10.0,"Stern et al., 1981",Zircon,multigrain fraction,Plutonic,granite,Shuteye Peak granite,Shaver Intrusive Suite,293900.0,4115250.0,NAD27 11S,"No error given, assume 10% uncertainty but could be more or less",False,True,1981,37.16095174976837,-119.32108191660956,2,0,9
St81-Y-676,Y-676,102.8,10.0,"Stern et al., 1981",Zircon,multigrain fraction,Plutonic,granite,El Capitan phase,Yosemite Valley intrusive suite,261800.0,4177500.0,NAD27 11S,"No error given, assume 10% uncertainty but could be more or less",False,True,1981,37.713809299799934,-119.7023430780501,0,2,3
St81-SPC-1,SPC-1,103.0,10.0,"Stern et al., 1981",Zircon,multigrain fraction,Plutonic,granodiorite,Whisky Ridge granodiorite,Shaver Intrusive Suite?,283600.0,4126350.0,NAD27 11S,"No error given, assume 10% uncertainty but could be more or less",False,True,1981,37.25858953656479,-119.44020502233276,1,0,5
St81-SL-1,SL-1,104.1,10.0,"Stern et al., 1981",Zircon,multigrain fraction,Plutonic,granodiorite,Dinkey Creek pluton,Shaver Intrusive Suite,295250.0,4107750.0,NAD27 11S,"No error given, assume 10% uncertainty but could be more or less",False,True,1981,37.09369655917444,-119.30384001142288,2,0,9
St81-BLD-3,BLD-3,105.0,11.0,"Stern et al., 1981",Zircon,multigrain fraction,Plutonic,granitoid,Oakhurst pluton,Fine Gold Intrusive Suite,268450.0,4139200.0,NAD27 11S,"No error given, assume 10% uncertainty but could be more or less",False,True,1981,37.37065509689101,-119.6148926907842,1,1,6
St81-BLC-4,BLC-4,108.2,11.0,"Stern et al., 1981",Zircon,multigrain fraction,Plutonic,granitoid,Oakhurst pluton,Fine Gold Intrusive Suite,264250.0,4133500.0,NAD27 11S,"No error given, assume 10% uncertainty but could be more or less",False,True,1981,37.318273573319075,-119.66046429186974,0,0,1
St81-MLC-51,MLC-51,110.3,11.0,"Stern et al., 1981",Zircon,multigrain fraction,Plutonic,tonalite,Blue Canyon pluton,Fine Gold Intrusive Suite,258450.0,4104200.0,NAD27 11S,"No error given, assume 10% uncertainty but could be more or less",False,True,1981,37.052968421307334,-119.71637934494031,0,0,1
St81-RDA-1,RDA-1,111.4,11.0,"Stern et al., 1981",Zircon,multigrain fraction,Plutonic,tonalite,Blue Canyon pluton,Fine Gold Intrusive Suite,241200.0,4114900.0,NAD27 11S,"No error given, assume 10% uncertainty but could be more or less",False,True,1981,37.144697946065385,-119.91383559827818,0,0,1
St81-RDB-58,RDB-58,111.5,11.0,"Stern et al., 1981",Zircon,multigrain fraction,Plutonic,granodiorite,Knowles granodiorite,Fine Gold Intrusive Suite,250650.0,4120800.0,NAD27 11S,"No error given, assume 10% uncertainty but could be more or less",False,True,1981,37.20038463284642,-119.80952417178308,0,0,1
St81-Y-733,Y-733,112.1,11.0,"Stern et al., 1981",Zircon,multigrain fraction,Plutonic,granodiorite,Ostrander Lake pluton,Buena Vista Crest intrusive suite,274700.0,4166800.0,NAD27 11S,"No error given, assume 10% uncertainty but could be more or less",False,True,1981,37.620724768799484,-119.5528275029933,1,1,6
St81-MLD-52,MLD-52,112.3,11.0,"Stern et al., 1981",Zircon,multigrain fraction,Plutonic,tonalite,Blue Canyon pluton,Fine Gold Intrusive Suite,276050.0,4101200.0,NAD27 11S,"No error given, assume 10% uncertainty but could be more or less",False,True,1981,37.03031746304021,-119.51774445095053,1,0,5
St81-SLB-64,SLB-64,113.3,11.0,"Stern et al., 1981",Zircon,multigrain fraction,Plutonic,tonalite,Ross Creek pluton,Fine Gold Intrusive Suite,294100.0,4123250.0,NAD27 11S,"No error given, assume 10% uncertainty but could be more or less",False,True,1981,37.233049602973324,-119.32103726081957,2,0,9
St81-MLB-69,MLB-69,114.3,11.0,"Stern et al., 1981",Zircon,multigrain fraction,Plutonic,tonalite,Blue Canyon pluton,Fine Gold Intrusive Suite,268200.0,4118250.0,NAD27 11S,"No error given, assume 10% uncertainty but could be more or less",False,True,1981,37.181946279032076,-119.61118455015306,1,0,5
St81-MLA-12,MLA-12,114.8,11.0,"Stern et al., 1981",Zircon,multigrain fraction,Plutonic,plagiogranite,Ward Mountain pluton,Fine Gold Intrusive Suite,259150.0,4121100.0,NAD27 11S,"No error given, assume 10% uncertainty but could be more or less",False,True,1981,37.20531789706834,-119.71394785552485,0,0,1
St81-MLC-154,MLC-154,115.1,12.0,"Stern et al., 1981",Zircon,multigrain fraction,Plutonic,tonalite,Blue Canyon pluton,Fine Gold Intrusive Suite,263500.0,4110100.0,NAD27 11S,"No error given, assume 10% uncertainty but could be more or less",False,True,1981,37.10738174434112,-119.66150312802705,0,0,1
St81-JB-1,JB-1,115.9,12.0,"Stern et al., 1981",Zircon,multigrain fraction,Plutonic,tonalite,Blue Canyon pluton,Fine Gold Intrusive Suite,288550.0,4108400.0,NAD27 11S,"No error given, assume 10% uncertainty but could be more or less",False,True,1981,37.09806260411891,-119.37935305709327,2,0,9
St81-LE-1036,LE-1036,116.1,12.0,"Stern et al., 1981",Zircon,multigrain fraction,Plutonic,granodiorite,Sawmill Mountain pluton,Fine Gold Intrusive Suite,245250.0,4190400.0,NAD27 11S,"No error given, assume 10% uncertainty but could be more or less",False,True,1981,37.825480678087935,-119.89441444177062,0,2,3
St81-Y-682,Y-682,116.7,12.0,"Stern et al., 1981",Zircon,multigrain fraction,Plutonic,granodiorite of the Gateway,Bass Lake pluton,Fine Gold Intrusive Suite,260500.0,4170900.0,NAD27 11S,"No error given, assume 10% uncertainty but could be more or less",False,True,1981,37.65404910005278,-119.71490795287879,0,1,2
St81-MA-1,MA-1,118.5,12.0,"Stern et al., 1981",Zircon,multigrain fraction,Plutonic,tonalite,Blue Canyon pluton,Fine Gold Intrusive Suite,239700.0,4148900.0,NAD27 11S,"No error given, assume 10% uncertainty but could be more or less",False,True,1981,37.450353358883945,-119.94261336878948,0,1,2
St81-MLC-10,MLC-10,123.6,12.0,"Stern et al., 1981",Zircon,multigrain fraction,Plutonic,tonalite,Blue Canyon pluton,Fine Gold Intrusive Suite,257100.0,4104500.0,NAD27 11S,"No error given, assume 10% uncertainty but could be more or less",False,True,1981,37.05532116613945,-119.73164215826999,0,0,1
CinkoLakeQuartzDiorite,NB27,95.2,0.2,"Thompson et al., 2007",Zircon,TIMS single grain,Plutonic,quartz diorite,Cinko Lake pluton,unassigned,273143.0,4231929.0,NAD27 11S,*Location is a total guess!,True,False,2007,38.20675481043655,-119.5909535981134,1,3,8
HarrietLakeGranodiorite,HL09a,101.8,0.2,"Thompson et al., 2007",Zircon,TIMS single grain,Plutonic,granodiorite,Harriet Lake pluton,unassigned,274296.0,4230756.0,NAD27 11S,*Location is a total guess!,True,False,2007,38.196483571048674,-119.57742481425221,1,3,8
ToCr95-BMP,Bald Mtn pluton,96.0,3.0,"Tobisch and Cruden, 1995",Zircon,TIMS multigrain fraction,Plutonic,leucogranite,Bald Mountain leucogranite,John Muir Intrusive Suite,306112.0,4105220.0,NAD27 11S,,False,False,1995,37.07321799374847,-119.18105078498,3,0,13
Tea93-1,1,102.0,1.0,"Tobisch et al., 1993",Zircon,TIMS multigrain fraction,Plutonic,granodiorite,Dinkey Creek pluton,Shaver Intrusive Suite,324600.0,4104700.0,NAD27 11S,"*Location not given, estimated from map",True,False,1993,37.07217487188786,-118.9730756429989,3,0,13
Tea95-5,5,88.0,1.0,"Tobisch et al., 1995",Zircon,TIMS multigrain fraction,Plutonic,granodiorite,Lake Edison phase,John Muir Intrusive Suite,337141.0,4132122.0,NAD27 11S,,False,False,1995,37.321495757910725,-118.83805223126487,3,0,13
Tea95-1,1,89.0,1.0,"Tobisch et al., 1995",Zircon,TIMS multigrain fraction,Plutonic,granite,Granite dike in Dinkey Creek pluton,unassigned,327370.0,4099912.0,NAD27 11S,,False,False,1995,37.029553157407626,-118.94083318245045,3,0,13
Tea95-2,2,90.0,1.0,"Tobisch et al., 1995",Zircon,TIMS multigrain fraction,Plutonic,hornblende monzodiorite,Mount Givens pluton,Mount Givens Pluton,306167.0,4164115.0,NAD27 11S,,False,False,1995,37.60371567911881,-119.19582956858558,3,1,14
Tea95-4,4,95.0,1.0,"Tobisch et al., 1995",Zircon,TIMS multigrain fraction,Plutonic,Red Devil Lake granodiorite,WLIS,Washburn Lake intrusive suite,300174.0,4177056.0,NAD27 11S,,False,False,1995,37.718984542852674,-119.26721680875907,2,2,11
Tea95-3,3,99.0,1.0,"Tobisch et al., 1995",Zircon,TIMS multigrain fraction,Plutonic,Illilouette Creek granite,BVCIS,Buena Vista Crest intrusive suite,280583.0,4157134.0,NAD27 11S,,False,False,1995,37.53510491996244,-119.4833324032662,1,1,6
F85-2,F85-2,102.0,2.0,"Tobisch et al., 2000",Zircon,TIMS multigrain fraction,Hypabyssal,felsic dike,hypabyssal dike,Ritter Range pendant hypabbysal intrusions,310708.0,4173847.0,NAD27 11S,,False,False,2000,37.69231855919325,-119.14694342640716,3,2,15
VM6,VM6,100.0,1.0,"Tomek et al., 2016",Zircon,spot analyses,Plutonic,granite,Shellenbarger pluton,"unassigned, Ritter Range pendant",307123.0,4167252.0,NAD27 11S,,False,False,2016,37.63217132964048,-119.18583419523512,3,1,14
FT16,FT16,101.0,1.0,"Tomek et al., 2016",Zircon,spot analyses,Plutonic,granite,Shellenbarger pluton,"unassigned, Ritter Range pendant",306563.0,4170300.0,NAD27 11S,,False,False,2016,37.659506419684604,-119.19298366675847,3,1,14
